sex,count,proportion
I,33093,0.36520443635159744
M,31027,0.3424046791370082
F,26495,0.29239088451139433
