,count,mean,std,min,25%,50%,75%,max,skew,kurtosis
length,90615.0,0.5170984218948298,0.11821670901526687,0.075,0.445,0.545,0.6,0.815,-0.7320151933171143,0.13336380049582042
diameter,90615.0,0.4016791590796226,0.09802631939013517,0.055,0.345,0.425,0.47,0.65,-0.6952359660461651,0.0006462640797226804
height,90615.0,0.1354640567235005,0.03800756247879023,0.0,0.11,0.14,0.16,1.13,0.30997506116618734,13.454050645022953
whole_weight,90615.0,0.7890349514429178,0.4576706970769095,0.002,0.419,0.7995,1.0675,2.8255,0.42931626303752085,-0.1851355799262464
shucked_weight,90615.0,0.34077810682558074,0.20442847843867115,0.001,0.1775,0.33,0.463,1.488,0.5919732945442425,0.28401194275380925
viscera_weight,90615.0,0.16942184439662308,0.10090888847544377,0.0005,0.0865,0.166,0.2325,0.76,0.47673333868051915,-0.20372097380687437
shell_weight,90615.0,0.22589784472769409,0.13020333874135173,0.0015,0.12,0.225,0.305,1.005,0.47909249235136653,0.09604896621140924
rings,90615.0,9.696794129007339,3.176220944054272,1.0,8.0,9.0,11.0,29.0,1.204272972602644,2.612934211565849
