component,explained_variance_ratio,cumulative_explained_variance
PC1,0.7966943087962879,0.7966943087962879
PC2,0.1153008119593364,0.9119951207556243
PC3,0.03809918556201887,0.9500943063176431
PC4,0.02127137440995724,0.9713656807276003
PC5,0.013119382529467524,0.9844850632570679
PC6,0.008219663601596261,0.9927047268586642
