feature,vif
PC5,1.0000000000000002
PC2,1.0
PC6,1.0
PC3,1.0
PC1,0.9999999999999998
PC4,0.9999999999999998
