term,coefficient_original_scale
const,3.7757131250954137
length,1.1175874601833728
diameter,4.308958989800119
height,20.525997954690027
whole_weight,0.14760608154941046
whole_weight_1,-11.949376160550024
whole_weight_2,-4.719045571125841
shell_weight,25.984723753219846
sex_I,-0.7458874312456975
sex_M,-0.032191090945419464
