feature,vif
diameter,97.34924392030742
height,96.8572330584606
shell_weight,32.36973218506599
whole_weight_1,24.60757427045547
sex_I,2.1760874090206563
