subset_size,predictors,subset_tuple,rss,r2,adj_r2,aic,bic,cp,cv_rmse_mean,cv_rmse_se,cv_rmse_min_fold,cv_rmse_max_fold,n_parameters_including_intercept
1,shell_weight,"('shell_weight',)",375084.42280698917,0.48476174135800554,0.48475463364302906,324880.66639390367,324899.04885688354,5.174367186684043,2.274518353608353,0.010624700531972361,2.2214152994157987,2.3336714828757166,2
2,shell_weight + whole_weight_1,"('shell_weight', 'whole_weight_1')",314412.88503940357,0.568103772025562,0.5680918558388861,312091.88175122335,312119.4554456931,4.337535037998251,2.0824437132958153,0.012103594050966312,2.0274671286766726,2.1576419399959264,3
3,shell_weight + whole_weight_1 + height,"('shell_weight', 'whole_weight_1', 'height')",298097.0970293976,0.5905161082663908,0.5904991613003384,308230.94398369896,308267.70890965866,4.11257385104037,2.028107062582367,0.012572275544126647,1.9699068026894049,2.1124731752462464,4
4,shell_weight + whole_weight_1 + height + sex_I,"('shell_weight', 'whole_weight_1', 'height', 'sex_I')",292368.074535155,0.5983858341045477,0.5983636721077265,306826.1841891749,306872.14034662454,4.0336531308341765,2.008498467213358,0.01197754095578761,1.9547585380531796,2.087688400073752,5
5,shell_weight + whole_weight_1 + height + diameter + sex_I,"('shell_weight', 'whole_weight_1', 'height', 'diameter', 'sex_I')",289678.93605108047,0.602079794571935,0.6020523464988292,306158.33309292333,306213.4804818629,3.9966664724578136,1.9992274642478602,0.011299263922603352,1.9493483269921363,2.069207912253299,6
6,shell_weight + whole_weight_1 + height + diameter + sex_I + whole_weight,"('shell_weight', 'whole_weight_1', 'height', 'diameter', 'sex_I', 'whole_weight')",288150.82124389417,0.6041789039040888,0.6041461395172973,305776.9109674509,305841.2495878804,3.9756957010329517,1.9940481190096704,0.011182874273952394,1.9483156845685237,2.058972427803824,7
7,shell_weight + whole_weight_1 + height + diameter + sex_I + whole_weight + whole_weight_2,"('shell_weight', 'whole_weight_1', 'height', 'diameter', 'sex_I', 'whole_weight', 'whole_weight_2')",286433.9252540241,0.6065373342901603,0.6064993364056621,305345.6882086614,305419.2180605808,3.9521207638700253,1.9881265347528856,0.011267265580514298,1.9426740638980722,2.0539987323023317,8
