feature,VIF
diameter,967.6660457920965
length,935.5446488182586
whole_weight,273.3937355441954
height,100.02728529130812
shucked_weight,80.60614576078508
viscera_weight,76.63373990310022
shell_weight,72.0711104424232
sex_I,2.923817682778486
sex_M,2.1163475908847835
